testId,testResultTypeId,minAge,maxAge,gender,lowNormal,highNormal,lowValid,highValid,normalDictionaryId,alwaysValidate
1,4,0,Infinity,,7,40,7,350,,f
2,4,0,Infinity,,3,40,3,350,,f
3,4,0,Infinity,,0.699999999999999956,1.10000000000000009,0.100000000000000006,5,,f
4,4,0,Infinity,,6,13,2.0299999999999998,150,,f
5,4,0,Infinity,,1,486,1,1000,,f
6,4,0,Infinity,,36,50,0,100,,f
7,4,0,Infinity,,1.5,2.60000000000000009,0.0100000000000000002,5,,f
8,4,0,Infinity,,0.349999999999999978,0.699999999999999956,0,150,,f
9,4,0,Infinity,,0.349999999999999978,1.69999999999999996,0.100000000000000006,7,,f
10,4,0,Infinity,,0.0500000000000000028,0.200000000000000011,0.0500000000000000028,1.5,,f
13,4,120,Infinity,,4,10,0,100,,f
13,4,0,3,,10,25,0,100,,f
13,4,3,8,,8,15,0,100,,f
13,4,8,12,,6,15,0,100,,f
13,4,12,48,,4.5,13,0,100,,f
13,4,48,120,,4,10,0,100,,f
14,4,12,Infinity,M,4.5,6,0,10,,f
14,4,12,Infinity,F,4.79999999999999982,5.5,0,10,,f
14,4,0,3,,5,6.20000000000000018,0,10,,f
14,4,3,12,,3.60000000000000009,5,0,10,,f
15,4,12,Infinity,F,12,16,0,30,,f
15,4,12,Infinity,M,13,18,0,30,,f
15,4,0,3,,16,20,0,30,,f
15,4,3,12,,12,16,0,30,,f
16,4,12,Infinity,F,37,47,0,80,,f
16,4,12,Infinity,M,40,52,0,80,,f
16,4,0,3,,44,62,0,80,,f
16,4,3,12,,36,42,0,80,,f
17,4,3,Infinity,,85,95,0,266,,f
17,4,0,3,,106,106,0,266,,f
18,4,0,Infinity,,27,31,0,50,,f
19,4,0,Infinity,,32,36,0,100,,f
20,4,0,Infinity,,150,400,0,1500,,f
21,4,0,Infinity,,45,70,0,100,,f
22,4,0,Infinity,,1500,7000,0,100000,,f
23,4,0,Infinity,,0,4,0,100,,f
24,4,0,Infinity,,0,400,0,100000,,f
25,4,0,Infinity,,0,0.5,0,100,,f
26,4,0,Infinity,,0,50,0,100000,,f
27,4,0,Infinity,,20,40,0,100,,f
28,4,0,Infinity,,1500,4000,0,100000,,f
29,4,0,Infinity,,2,10,0,100,,f
30,4,0,Infinity,,0,1000,0,100000,,f
34,4,0,Infinity,,400,1750,0,3000,,f
35,4,0,Infinity,,35,55,0,5000,,f
37,4,0,Infinity,,1,300,1,200000,,f
38,4,0,Infinity,,1,300,1,200000,,f
31,2,0,Infinity,,-Infinity,Infinity,-Infinity,Infinity,1103,f
32,2,0,Infinity,,-Infinity,Infinity,-Infinity,Infinity,1103,f
33,2,0,Infinity,,-Infinity,Infinity,-Infinity,Infinity,1103,f
36,2,0,Infinity,,-Infinity,Infinity,-Infinity,Infinity,1103,f
39,2,0,Infinity,,-Infinity,Infinity,-Infinity,Infinity,1103,f
40,2,0,Infinity,,-Infinity,Infinity,-Infinity,Infinity,1103,f
41,2,0,Infinity,,-Infinity,Infinity,-Infinity,Infinity,1103,f
42,2,0,Infinity,,-Infinity,Infinity,-Infinity,Infinity,1103,f
43,2,0,Infinity,,-Infinity,Infinity,-Infinity,Infinity,1103,f
44,2,0,Infinity,,-Infinity,Infinity,-Infinity,Infinity,1103,f
45,2,0,Infinity,,-Infinity,Infinity,-Infinity,Infinity,1103,f
46,2,0,Infinity,,-Infinity,Infinity,-Infinity,Infinity,1103,f
47,2,0,Infinity,,-Infinity,Infinity,-Infinity,Infinity,1103,f
48,2,0,Infinity,,-Infinity,Infinity,-Infinity,Infinity,1103,f
49,2,0,Infinity,,-Infinity,Infinity,-Infinity,Infinity,1103,f
50,2,0,Infinity,,-Infinity,Infinity,-Infinity,Infinity,1103,f
51,2,0,Infinity,,-Infinity,Infinity,-Infinity,Infinity,1103,f
52,2,0,Infinity,,-Infinity,Infinity,-Infinity,Infinity,1103,f
53,2,0,Infinity,,-Infinity,Infinity,-Infinity,Infinity,1103,f
54,2,0,Infinity,,-Infinity,Infinity,-Infinity,Infinity,1103,f
55,2,0,Infinity,,-Infinity,Infinity,-Infinity,Infinity,1103,f
56,2,0,Infinity,,-Infinity,Infinity,-Infinity,Infinity,1103,f
57,2,0,Infinity,,-Infinity,Infinity,-Infinity,Infinity,1103,f
58,2,0,Infinity,,-Infinity,Infinity,-Infinity,Infinity,1103,f
159,4,0,Infinity,,0.699999999999999956,1.10000000000000009,0,5,,f
194,4,0,Infinity,M,5.29999999999999982,12.1999999999999993,0,100,,f
181,4,0,Infinity,M,0.299999999999999989,0.819999999999999951,0,10,,f
196,4,0,Infinity,M,21.8000000000000007,53.1000000000000014,0,100,,f
180,4,0,Infinity,M,1.32000000000000006,3.56999999999999984,0,10,,f
195,4,0,Infinity,M,0.200000000000000011,1.19999999999999996,0,10,,f
197,4,0,Infinity,M,0.800000000000000044,7,0,10,,f
182,4,0,Infinity,M,0.0400000000000000008,0.540000000000000036,0,10,,f
193,4,0,Infinity,M,34,67.9000000000000057,0,100,,f
179,4,0,Infinity,M,1.78000000000000003,5.37999999999999989,0,100,,f
178,4,0,Infinity,M,163,337,0,1500,,f
185,4,0,Infinity,M,32.2999999999999972,36.5,0,50,,f
189,4,0,Infinity,M,0.0500000000000000028,0.200000000000000011,0,100,,f
186,4,0,Infinity,M,4.62999999999999989,6.08000000000000007,0,10,,f
186,4,0,Infinity,F,3.93000000000000016,5.21999999999999975,0,10,,f
187,4,0,Infinity,F,11.1999999999999993,15.6999999999999993,0,30,,f
187,4,0,Infinity,M,13.6999999999999993,17.5,0,30,,f
184,4,0,Infinity,F,34.1000000000000014,44.8999999999999986,0,100,,f
184,4,0,Infinity,M,40.1000000000000014,51,0,100,,f
188,4,3,Infinity,F,79.4000000000000057,94.7999999999999972,0,266,,f
188,4,0,Infinity,M,79,92.2000000000000028,0,266,,f
189,4,0,Infinity,F,25.6000000000000014,32.2000000000000028,0,50,,f
185,4,0,Infinity,F,32.2000000000000028,35.5,0,100,,f
178,4,0,Infinity,F,182,369,0,1500,,f
179,4,0,Infinity,F,1.56000000000000005,6.12999999999999989,0,100,,f
193,4,0,Infinity,F,34,71.0999999999999943,0,100,,f
182,4,0,Infinity,F,0.0400000000000000008,0.359999999999999987,0,10,,f
197,4,0,Infinity,F,0.699999999999999956,5.79999999999999982,0,10,,f
183,4,0,Infinity,,0.0100000000000000002,0.0800000000000000017,0,10,,f
195,4,0,Infinity,F,0.100000000000000006,1.19999999999999996,0,10,,f
180,4,0,Infinity,F,1.17999999999999994,3.74000000000000021,0,10,,f
196,4,0,Infinity,F,19.3000000000000007,51.7000000000000028,0,100,,f
181,4,0,Infinity,F,0.0200000000000000004,0.359999999999999987,0,10,,f
194,4,0,Infinity,F,4.70000000000000018,12.5,0,100,,f
160,4,0,Infinity,,6,13,2.0299999999999998,100,,f
161,4,0,Infinity,,7,40,7,300,,f
191,4,0,Infinity,,35,55,0,5000,,f
192,4,0,Infinity,,400,750,0,3000,,f
176,4,0,Infinity,,3,40,3,3000,,f
177,4,0,Infinity,,4,10,0,100,,f
