openelisId,code,name,description,active
1,UOM-ppl,ppl,ppl,true
5,UOM-%,%,%,true
7,UOM-mm3,mm3,mm3,true
6,UOM-ppm,ppm,ppm,true
9,UOM-mlU-ml,mlU/ml,mlU/ml,true
10,UOM-u-L,u/L,u/L,true
11,UOM-ug-dL,ug/dL,ug/dL,true
19,UOM-cp-mL,cp/mL,cp/mL,true
12,UOM-g-dl,g/dl,g/dl,true
8,UOM-mg-dl,mg/dl,mg/dl,true
13,UOM-million-uL,million/uL,million/uL,true
17,UOM-mns,mns,mns,true
16,UOM-pg,pg,pg,true
20,UOM-ui-ml,ui/ml,ui/ml,true
21,UOM-mU-ml,mU/ml,mU/ml,true
22,UOM-mm-h,mm/h,mm/h,true
15,UOM-K-mm-3,K/mm^3,K/mm^3,true
18,UOM-micron-3,micron^3,microns^3,true
14,UOM-mille-mm-3,mille/mm^3,mille/mm^3,true
23,UOM-Vol%,Vol%,Vol%,true
24,UOM-million-mm-3,million/mm^3,million/mm^3,true
25,UOM-g-l,g/l,g/l,true
26,UOM-Ul-l,Ul/l,UI/l,true
27,UOM-mg-l,mg/l,mg/l,true
28,UOM-ug-l,ug/l,ug/l,true
29,UOM-UI-L,UI/L,UI/L,true
30,UOM-copies-ml,copies/ml,copies/ml,true
31,UOM-mille-mm3,mille/mm3,mille/mm3,true
32,UOM-fl,fl,fl,true
33,UOM--mm3,/mm3,/mm3,true
34,UOM-Copies-ml,Copies/ml,Copies/ml,true
35,UOM-μl,μl,μl,true
36,UOM-million-mm3,million/mm3,million/mm3,true
37,UOM-g-dL,g/dL,g/dL,true
45,UOM-Cell-µl,Cell/µl,Cell/µl,true
39,UOM-10-3-µl,10^3/µl,10^3/µl,true
41,UOM-10-6-µl,10^6/µl,10^6/µl,true
