openelisId,name,keepHistory,isHl7Encoded
40,STATUS_OF_SAMPLE,Y,Y
39,NOTE,Y,N
1,SAMPLE,Y,N
2,GENDER,Y,N
3,SAMPLE_ORGANIZATION,Y,N
4,ANALYSIS,Y,N
5,TEST,Y,Y
6,CITY,Y,N
7,ANALYTE,Y,Y
8,COUNTY,Y,N
9,DICTIONARY,Y,N
10,DICTIONARY_CATEGORY,Y,N
11,LABEL,Y,N
12,METHOD,Y,N
13,PANEL,Y,N
14,PANEL_ITEM,Y,N
15,PATIENT,Y,N
16,PERSON,Y,N
17,PROGRAM,Y,N
18,PROJECT,Y,N
19,PROVIDER,Y,N
20,REGION,Y,N
21,RESULT,Y,N
22,SAMPLE_DOMAIN,Y,N
23,SAMPLE_ITEM,Y,N
24,SAMPLE_PROJECTS,Y,N
25,SCRIPTLET,Y,N
26,SOURCE_OF_SAMPLE,Y,N
27,STATE_CODE,Y,N
28,SYSTEM_USER,Y,N
29,TEST_SECTION,Y,N
30,TEST_ANALYTE,Y,N
31,TEST_REFLEX,Y,N
32,TEST_RESULT,Y,N
33,TEST_TRAILER,Y,N
34,TYPE_OF_SAMPLE,Y,N
35,TYPE_OF_TEST_RESULT,Y,N
36,UNIT_OF_MEASURE,Y,Y
37,ZIP_CODE,Y,N
38,ORGANIZATION,Y,N
45,SAMPLE_HUMAN,Y,N
46,QA_EVENT,Y,N
48,ANALYSIS_QAEVENT,Y,N
47,ACTION,Y,N
49,ANALYSIS_QAEVENT_ACTION,Y,N
70,REFERENCE_TABLES,N,N
41,CODE_ELEMENT_TYPE,Y,N
42,CODE_ELEMENT_XREF,Y,N
43,MESSAGE_ORG,Y,N
44,RECEIVER_CODE_ELEMENT,Y,N
50,LOGIN_USER,Y,N
51,SYSTEM_MODULE,Y,N
52,SYSTEM_USER_MODULE,Y,N
53,SYSTEM_USER_SECTION,Y,N
110,SAMPLE_NEWBORN,Y,N
111,PATIENT_RELATIONS,Y,N
112,PATIENT_IDENTITY,Y,N
113,PATIENT_PATIENT_TYPE,Y,N
130,PATIENT_TYPE,N,N
154,RESULT_LIMITS,Y,N
155,RESULT_SIGNATURE,Y,N
167,INVENTORY_LOCATION,N,N
168,INVENTORY_ITEM,N,N
169,INVENTORY_RECEIPT,N,N
171,RESULT_INVENTORY,Y,N
172,SYSTEM_ROLE,Y,N
173,SYSTEM_ROLE_MODULE,Y,N
174,SYSTEM_ROLE,Y,N
175,SYSTEM_USER_ROLE,Y,N
176,SYSTEM_USER_ROLE,Y,N
177,SYSTEM_ROLE,Y,N
178,SYSTEM_USER_ROLE,Y,N
179,SYSTEM_ROLE_MODULE,Y,N
182,analyzer,Y,N
183,analyzer_results,Y,N
184,site_information,Y,N
187,observation_history_type,Y,N
186,observation_history,Y,N
185,observation_history_type,Y,N
188,SAMPLE_QAEVENT,Y,N
189,referral_reason,Y,N
190,referral_type,Y,N
191,referral,Y,N
192,referral_result,Y,N
193,org_hl7_encoding_type,Y,N
197,address_part,Y,N
198,person_address,Y,N
199,organization_address,Y,N
200,organization_contact,Y,N
201,MENU,Y,N
202,SITE_INFORMATION_DOMAIN,Y,N
203,QUARTZ_CRON_SCHEDULER,Y,N
204,REPORT_QUEUE_TYPE,Y,N
205,REPORT_QUEUE,Y,N
206,REPORT_EXTERNAL_IMPORT,Y,N
207,document_type,Y,N
208,document_track,Y,N
209,ANALYZER_TEST_MAP,Y,N
210,PATIENT_IDENTITY_TYPE,Y,N
211,SAMPLETYPE_TEST,Y,N
212,SAMPLETYPE_PANEL,Y,N
213,SAMPLE_REQUESTER,Y,N
195,TEST_CODE,Y,N
194,TEST_CODE_TYPE,Y,N
214,QA_OBSERVATION,Y,N
215,ELECTROINIC_ORDER,Y,N
216,LOCALIZATION,Y,N
217,REFERRING_TEST_RESULT,Y,N
218,BARCODE_LABEL_INFO,Y,N
219,HL7_MESSAGE_OUT,Y,N
220,TYPE_OF_DATA_INDICATOR,Y,N
221,DATA_INDICATOR,Y,N
222,DATA_RESOURCE,Y,N
223,DATA_VALUE,Y,N
224,nc_event,Y,N
225,nce_action_log,Y,N
226,nce_category,Y,N
227,nce_specimen,Y,N
228,nce_type,Y,N
229,report,Y,N
