openelisId,typeName,description
1,initialSampleCondition,The condition of the sample when it was delievered to the lab
2,paymentStatus,The payment status of the patient
3,requestDate,When the order was requested
4,nextVisitDate,When the patient should return
5,referringSite,Non-lab referring organization
6,primaryOrderType,What kind of order is this
7,secondaryOrderType,The sub order kind
8,otherSecondaryOrderType,The sub order kind
9,billingRefNumber,Number used to track billing
10,program,What program the order is in
11,educationLevel,Education Level
12,maritalStatus,Marital Status
13,nationality,Nationality
14,legalResidence,Legal Residence
15,SampleRecordStatus,Sample Record Status
16,PatientRecordStatus,Patient Record Status
17,nameOfDoctor,Name of Doctor
18,anyPriorDiseases,Any Prior Diseases
19,priorDiseases,Prior Diseases
20,anyCurrentDiseases,Any Current Diseases
21,currentDiseases,Current Diseases
22,arvProphylaxisBenefit,Arv Prophylaxis Benefit
23,arvProphylaxis,Arv Prophylaxis
24,currentARVTreatment,Current ARV Treatment
25,priorARVTreatment,Prior ARV Treatment
26,priorARVTreatmentINNs,Prior ARV Treatment Medicines (INN)
27,cotrimoxazoleTreatment,Cotrimoxazole Treatment
28,aidsStage,AIDS Stage
29,currentOITreatment,Current Opportunistic Infection Treatment
30,patientWeight,Patient Weight
31,karnofskyScore,Karnofsky Score
32,whichPCR,Which PCR - 1st or 2nd Test
33,reasonForSecondPCRTest,Reason for Second PCR Test
34,eidInfantPTME,Infant Benefit from PTME
35,eidTypeOfClinic,Type of Clinic
36,eidInfantSymptomatic,Infant Experiencing Symptoms
37,eidMothersHIVStatus,Mother's HIV Status
38,eidMothersARV,Mother's ARV Treatment
39,eidInfantsARV,Infant's ARV Prophylaxis
40,eidInfantCotrimoxazole,Infant Cotrimoxazole
41,indFirstTestName,Indeterminate First Test Name
42,indSecondTestName,Indeterminate Second Test Name
43,indFirstTestDate,Indeterminate First Test Date
44,indSecondTestDate,Indeterminate Second Test Date
45,indFirstTestResult,Indeterminate First Test Result
46,indSecondTestResult,Indeterminate Second Test Result
47,indSiteFinalResult,Indeterminate Site Final Result
48,eidHowChildFed,How the infant is eating
49,cd4Count,CD4 Count
50,cd4Percent,CD4 Percent
51,priorCd4Date,prior CD4 Date
52,antiTbTreatment,anti TB Treatment
53,interruptedARVTreatment,Interrupted ARV Treatment
54,arvTreatmentAnyAdverseEffects,arv Treatment Any AdverseEffects
55,arvTreatmentChange,arv Treatment Change
56,arvTreatmentNew,arv Treatment New
57,arvTreatmentRegime,arv Treatment Regime
58,cotrimoxazoleTreatAnyAdvEff,Cotrimoxazole Treatment Any Adverse Effects
59,anySecondaryTreatment,Any Secondary Treatment
60,secondaryTreatment,Secondary Treatment
61,clinicVisits,ClinicVisits
62,hospital,Hospital
63,service,Service in Hospital
64,hospitalPatient,Hospital Patient
65,futureARVTreatmentINNs,Future ARV Treatment Medicine/Drugs
66,arvTreatmentAdvEffGrd,ARV Treatment Adverse Effects: Grade
67,arvTreatmentAdvEffType,ARV Treatment Adverse Effects: Type
68,cotrimoxazoleTreatAdvEffGrd,Cotrimoxazole Treatment Adverse Effects: Grade
69,cotrimoxazoleTreatAdvEffType,Cotrimoxazole Treatment Adverse Effects: Type
70,projectFormName,the name of the form (paper questions not JSP) which the patient used.
71,hivStatus,HIV Status
72,reason,Reason that this sample/patient test request was created.
73,nameOfSampler,Name of Sampler
74,nameOfRequestor,Name of Requestor
75,eidTypeOfClinicOther,text field for undefined clinic type
76,eidStoppedBreastfeeding,value for when the child stopped breastfeeding
77,underInvestigation,indicates that this patient/sample combination is under investigation
78,CTBPul,Pulmonary TB : Answer to (current) disease question
79,CTBExpul,Expulmonary TB : Answer to (current) disease question
80,CCrblToxo,Cerebral Toxoplamosis : Answer to (current) disease question
81,CCryptoMen,Cryoptococcal Meningitis : Answer to (current) disease question
82,CGenPrurigo,General Prurigo : Answer to (current) disease question
83,CIST,IST (?) : Answer to (current) disease question
84,CCervCancer,Cervical Cancer : Answer to (current) disease question
85,COpharCand,Oropharyngeal Candidiasis : Answer to (current) disease question
86,CKaposiSarc,Kaposi's sarcoma : Answer to (current) disease question
87,CShingles,shingles : Answer to (current) disease question
88,CDiarrheaC,Chronic Diarrhea : Answer to (current) disease question
89,PTBPul,Pulmonary TB : Answer to (prior) disease question
90,PTBExpul,Expulmonary TB : Answer to (prior) disease question
91,PCrblToxo,Cerebral Toxoplamosis : Answer to (prior) disease question
92,PCryptoMen,Cryoptococcal Meningitis : Answer to (prior) disease question
93,PGenPrurigo,General Prurigo : Answer to (prior) disease question
94,PIST,IST (?) : Answer to (prior) disease question
95,PCervCancer,Cervical Cancer : Answer to (prior) disease question
96,POpharCand,Oropharyngeal Candidiasis : Answer to (prior) disease question
97,PKaposiSarc,Kaposi's sarcoma : Answer to (prior) disease question
98,PShingles,shingles : Answer to (prior) disease question
99,PDiarrheaC,Chronic Diarrhea : Answer to (prior) disease question
100,weightLoss,weight loss: Answer to RTN Disease Question
101,diarrhea,diarrhea: Answer to RTN Disease Question
102,fever,fever: Answer to RTN Disease Question
103,cough,cough: Answer to RTN Disease Question
104,pulTB,pulmonary Tuberculosis: Answer to RTN Disease Question
105,expulTB,expulmonary Tuberculosis: Answer to RTN Disease Question
106,swallPaint,painful Swallowing: Answer to RTN Disease Question
107,cryptoMen,cryptococcus Meningitis: Answer to RTN Disease Question
108,recPneumon,recurrent Pneumonia: Answer to RTN Disease Question
109,sespis,sespis : Answer to RTN Disease Question
110,recInfect,recurrent Infections: Answer to RTN Disease Question
111,curvixC,curvix Cancer: Answer to RTN Disease Question
112,matHIV,maternal HIV: Answer to RTN Disease Question
113,cachexie,cachexia: Answer to RTN Disease Question
114,thrush,thrush : Answer to RTN Disease Question
115,dermPruip,General Dermititis Pruipineuse: Answer to RTN Disease Question
116,herpes,Herpes : Answer to RTN Disease Question: Answer to RTN Disease Question
117,zona,Zona: Answer to RTN Disease Question
118,sarcKapo,Kaposis Sarcoma: Answer to RTN Disease Question
119,xIngPadenp,Extra Inquinale Polyadenopathy: Answer to RTN Disease Question
120,HIVDement,HIV Dementia: Answer to RTN Disease Question
121,arvTreatmentInitDate,Date of first ARV treatment initiation
122,currentARVTreatmentINNs,Therapeutic Regimen
123,vlReasonForRequest,Reason for VL Request
124,vlOtherReasonForRequest,Other Reason for VL Request
125,initcd4Count,CD4 at first ARV treatment initiation
126,initcd4Percent,CD4 percent at first ARV treatment initiation
127,initcd4Date,Date CD4 at first ARV treatment initiation
128,demandcd4Count,CD4 at demand
129,demandcd4Percent,CD4 percentat demand
130,demandcd4Date,Date CD4 at demand
131,vlBenefit,Prior VL Request?
132,priorVLLab,Prior VL Lab
133,priorVLValue,Prior VL Value
134,priorVLDate,Prior VL Date
135,vlPregnancy,VL Pregnancy?
136,vlSuckle,VL Suckle?
