openelisId,code,name,isActive
44,HIV_2_RESULT,HIV-2 Result,true
62,MEP_AGAR,MEP Agar,true
63,MYP_AGAR,MYP Agar,true
64,PLET_AGAR,PLET Agar,true
65,SBA_AGAR,SBA Agar,true
67,EXTRACTION_KIT,Extraction Kit,true
68,AMPLIFICATION_KIT,Amplification Kit,true
69,LIGHT_CYCLER,Light Cycler,true
70,ABI_7000,ABI 7000,true
71,I_CYCLER,i Cycler,true
72,ABI_7500,ABI 7500,true
73,DFA_CAPSULE_ANTIGEN_DETECTION,DFA Capsule Antigen Detection,true
74,DFA_CELL_WALL_DETECTION,DFA Cell Wall Detection,true
78,DILUTION_1:10,Dilution 1:10,false
89,TRF_SPORE_DETECTION_INTERPRETATION,TRF Spore Detection Interpretation,true
90,TRF_CELL_DETECTION_DATA_VALUE,TRF Cell Detection Data Value,true
91,TRF_CELL_DETECTION_RESULT,TRF Cell Detection Result,true
92,TRF_CELL_DETECTION_INTERPRETATION,TRF Cell Detection Interpretation,true
1,INFLUENZA_VIRUS_B_RNA,Influenza Virus B RNA,true
45,FINAL_HIV_INTERPRETATION,Final HIV Interpretation,true
47,PENICILLIN,Penicillin,true
48,CEFTRIAXONE,Ceftriaxone,true
49,CIPROFLOXACIN,Ciprofloxacin,true
50,SPECTINOMYCIN,Spectinomycin,true
43,HIV_1_RESULT,HIV-1 Result,true
51,TETRACYCLINE,Tetracycline,true
52,CEFIXIME,Cefixime,true
53,AZITHROMYCIN,Azithromycin,true
15,ISONIAZID_0.4_MCG.ML,Isoniazid 0.4 mcg.ml,true
16,STREPTOMYCIN_2.0_MCG_ML,Streptomycin 2.0 mcg/ml,true
17,ETHAMBUTOL_2.5_MCG_ML,Ethambutol 2.5 mcg/ml,true
18,PYRAZINAMIDE_100_MCG_ML,Pyrazinamide 100 mcg/ml,true
19,DFA_CAPSULE_ANTIGEN_DETECTION_FROM_ISOLATE,DFA Capsule Antigen Detection from Isolate,true
8,RESPIRATORY_SYNCYTIAL_VIRUS_A_RNA,Respiratory Syncytial Virus A RNA,true
9,RESPIRATORY_SYNCYTIAL_VIRUS_B_RNA,Respiratory Syncytial Virus B RNA,true
20,DFA_CELL_WALL_DETECTION_FROM_ISOLATE,DFA Cell Wall Detection from Isolate,true
38,COMMENT_8,Comment 8,true
41,TITER,Titer,true
22,PRELIMINARY_RESULT,Preliminary Result,true
23,RESULT_4,Result 4,true
24,RESULT_5,Result 5,true
25,RESULT_6,Result 6,true
26,RESULT_7,Result 7,true
27,RESULT_8,Result 8,true
28,RESULT_9,Result 9,true
29,PRELIMINARY_RESULT_MODIFIER,Preliminary Result Modifier,true
30,FINAL_RESULT_MODIFIER,Final Result Modifier,true
208,INFLUENZA_VIRUS_A_H3_RNA,Influenza Virus A/H3 RNA,true
209,INFLUENZA_VIRUS_A_H5_RNA,Influenza Virus A/H5 RNA,true
210,INFLUENZA_VIRUS_A_H7_RNA,Influenza Virus A/H7 RNA,true
211,INFLUENZA_VIRUS_A_H9_RNA,Influenza Virus A/H9 RNA,true
212,FINAL_RESULT,Final Result,true
213,PRESUMPTIVE_RESULT,Presumptive Result,true
214,RESULT_1,Result 1,true
215,RESULT_2,Result 2,true
216,RESULT_3,Result 3,true
217,INTERPRETATION,Interpretation,true
21,COMMENT,Comment,true
54,GENTAMYCIN_INTERPRETATION,Gentamycin Interpretation,true
220,BAND_GP160,BAND GP160,true
221,BAND_GP120,BAND GP120,true
222,BAND_P65,BAND P65,true
223,BAND_P55,BAND P55,true
224,BAND_P51,BAND P51,true
225,BAND_GP41,BAND GP41,true
226,BAND_P40,BAND P40,true
227,BAND_P31,BAND P31,true
228,BAND_P24,BAND P24,true
229,BAND_P18,BAND P18,true
246,RNASE_P_INTERPRETATION,Rnase P Interpretation,true
251,RESULT_STATUS,Result Status,true
252,PROBABILITY,Probability,true
271,MODIFIER_1,Modifier 1,true
272,MODIFIER_2,Modifier 2,true
273,MODIFIER_3,Modifier 3,true
274,RESULT_STATUS_1,Result Status 1,true
275,RESULT_STATUS_2,Result Status 2,true
276,RESULT_STATUS_3,Result Status 3,true
206,INFLUENZA_VIRUS_A_RNA,Influenza Virus A RNA,true
207,INFLUENZA_VIRUS_A_H1_RNA,Influenza Virus A/H1 RNA,true
240,BA2_CT_VALUE,BA2 CT value,true
244,EXTRACTION_METHOD,Extraction Method,true
245,16S_INTERPRETATION,16S Interpretation,true
40,AGENT,Agent,true
249,MODIFIER,Modifier,true
250,QUANTITY,Quantity,true
253,METHOD,Method,true
266,CAPSULE_M_FADYEAN,Capsule M-Fadyean,true
234,BA3_INTERPRETATION,BA3 interpretation,true
235,16S_CT_VALUE,16S CT value,true
232,BA1_INTERPRETATION,BA1 interpretation,true
233,BA2_INTERPRETATION,BA2 interpretation,true
236,RNASE_P_CT_VALUE,Rnase P CT value,true
237,RESULT,Result,true
46,WESTERN_BLOT_INTERPRETATION,Western Blot Interpretation,true
239,BA1_CT_VALUE,BA1 CT value,true
241,BA3_CT_VALUE,BA3 CT value,true
242,TRF_SPORE_DETECTION_DILUTION,TRF Spore Detection Dilution,true
243,TRF_CELL_DETECTION_DILUTION,TRF Cell Detection Dilution,true
247,DISCLAIMER,Disclaimer,true
256,RIFAMPIN_2.0_MCG_ML,Rifampin 2.0 mcg/ml,true
55,KANAMYCIN_INTERPRETATION,Kanamycin Interpretation,true
255,RIFAMPIN_1.0_MCG_ML,Rifampin 1.0 mcg/ml,true
257,ISONIAZID_0.1_MCG_ML,Isoniazid 0.1 mcg/ml,true
258,COLONY_MORPHOLOGY,Colony Morphology,true
259,HEMOLYSIS,Hemolysis,true
260,GRAM_STAIN,Gram stain,true
261,MOTILITY_WET_MOUNT,Motility wet mount,true
262,GAMMA_PHAGE,Gamma phage,true
263,DFA_CAPSULE_FROM_SPECIMEN,DFA capsule from specimen,false
264,DFA_CELL_WALL_FROM_SPECIMEN,DFA cell wall from specimen,false
265,CAPSULE_INDIA_INK,Capsule India Ink,true
267,CAPSULE_BICARBONATE,Capsule bicarbonate,true
268,CATALASE,Catalase,true
269,MALACHITE_GREEN_FOR_SPORES,Malachite green for spores,true
270,WET_MOUNT_FOR_SPORES,Wet mount for spores,true
31,COMMENT_1,Comment 1,true
32,COMMENT_2,Comment 2,true
33,COMMENT_3,Comment 3,true
34,COMMENT_4,Comment 4,true
35,COMMENT_5,Comment 5,true
36,COMMENT_6,Comment 6,true
37,COMMENT_7,Comment 7,true
39,COMMENT_9,Comment 9,true
56,GENTAMYCIN,Gentamycin,true
57,KANAMYCIN,Kanamycin,true
58,MOTILITY_STANDARD_MEDIA,Motility Standard Media,true
59,STANDARD_MOTILITY_MEDIA,Standard Motility Media,true
60,CHOCOLATE_AGAR,Chocolate Agar,true
61,DEA_AGAR,DEA Agar,true
66,TEST_MOIETY,Test Moiety,true
75,CHOOSE_EQUIPMENT,Choose Equipment,true
76,PREVIOUS_FTA_REACTIVITY,Previous FTA Reactivity,true
77,FLUORESCENCE_GRADING,Fluorescence Grading,true
79,E._COLI_25922,E. coli 25922,true
80,P._AERUGINOSA,P. aeruginosa,true
81,S._AUREUS,S. aureus,true
82,SUSCEPTIBLE,Susceptible,false
83,NONSUSCEPTIBLE___CONTACT_CDC_FOR_CONFIRMATION_OF_R,Nonsusceptible - Contact CDC for confirmation of resistance,false
84,TEST_NOT_PERFORMED,Test Not Performed,false
85,NO_PASS,No Pass,true
86,PASS,Pass,true
87,TRF_SPORE_DETECTION_DATE_VALUE,TRF Spore Detection Date Value,true
88,TRF_SPORE_DETECTION_RESULT,TRF Spore Detection Result,true
93,TEST_KIT,test kit,true
94,CONCLUSION,Conclusion,true
95,GENERATED_CD4_COUNT,generated CD4 Count,true
96,VIH_TEST___COLLODIAL_GOLD_SHANGAI_KEHUA_RESULT,VIH Test - Collodial Gold/Shangai Kehua Result,true
97,DETERMINE_RESULT,Determine Result,true
98,DETERMINE_RESULTS,Determine Results,true
99,GENIE_III_RESULT,Genie III Result,true
111,P24_AG_RESULT,p24 Ag Result,true
112,WESTERN_BLOT_2_RESULT,Western Blot 2 Result,true
113,WESTERN_BLOT_1_RESULT,Western Blot 1 Result,true
114,GENIE_II_10_RESULT,Genie II 10 Result,true
115,GENIE_II_100_RESULT,Genie II 100 Result,true
116,GENIE_II_RESULT,Genie II Result,true
100,VIRONOSTIKA_RESULT,Vironostika Result,true
101,MUREX_RESULT,Murex Result,true
102,INTEGRAL_RESULT,Integral Result,true
103,CD4_PERCENTAGE_COUNT_RESULT,CD4 percentage count Result,true
104,GB_RESULT,GB Result,true
105,LYMPH_%_RESULT,Lymph % Result,true
106,CONCLUSION,Conclusion,true
107,GENERATED_CD4_COUNT,generated CD4 Count,true
108,BIOLINE_RESULTS,Bioline Results,true
109,INNOLIA_RESULTS,Innolia Results,true
110,VIRONOSTIKA_UNREFLEX_RESULT,Vironostika Unreflex Result,true
